route_name,route_long,headsign,start_lat,start_lon,end_lat,end_lon,dist_km,fare_KSh,fare_source,saccos
106,Koja-UN-Ruaka-Banana,Koja,-1.173842,36.758779,-1.281393,36.822572,13.9,120,survey (2026 actual),LOPHA MULTIPURPOSE CO-OP SOCIETY
107,Odeon-UN-Ruaka-Ndenderu,Odeon,-1.194366,36.731983,-1.282981,36.82475,14.26,100,survey (2026 actual),LOPHA MULTIPURPOSE CO-OP SOCIETY
108,UN-New Muthaiga-Gachie-Gichagi,UNEP,-1.219561,36.76672,-1.238446,36.810427,5.29,40,calibrated (x0.906),UNMATCHED
114R,Ngara-Rwaka-Ndenderu-Limuru,Ngara,-1.108037,36.643556,-1.273979,36.823463,27.21,200,survey (2026 actual),FIG KOMBA | LIKANA ROUTE 114/115 SACCO LTD | LOPHA MULTIPURPOSE CO-OP SOCIETY
116,Koja-Ngara-Banana-Limuru,Koja,-1.108047,36.64339,-1.281243,36.822583,27.71,200,calibrated (x0.906),FIG KOMBA | LIKANA ROUTE 114/115 SACCO LTD
11A,Odeon-Aga Khan-Highridge,Odeon,-1.256818,36.81078,-1.282992,36.82475,3.3,40,calibrated (x0.906),UNMATCHED
11B,Odeon-UN-Ruaka,Odeon,-1.207219,36.786019,-1.283024,36.824697,9.46,100,calibrated (x0.906),LOPHA MULTIPURPOSE CO-OP SOCIETY
107D,Ruaka-Ruiru,Ruaka,-1.147546,36.959338,-1.207137,36.785854,20.39,150,calibrated (x0.906),LOPHA MULTIPURPOSE CO-OP SOCIETY | NAGIRU 145 SACCO | NAWASUKU SACCO
145D,Torrents-Membley-Ruiru,Torrents,-1.147685,36.959376,-1.16446,36.956731,1.89,150,calibrated (x0.906),LOPHA MULTIPURPOSE CO-OP SOCIETY | NAGIRU 145 SACCO | NAWASUKU SACCO
6,Koja-Pangani Flyover-Guru Nanak-Pangani Girls High School-Mlango-Eastleigh,Koja,-1.272236,36.848879,-1.28142,36.822658,3.09,50,survey (2026 actual),DIX-HULT MATATU OWNER SACCO | EASTLEIGH COMMUTER SERVICES LTD
23W,Nation Building-Museum Hill-Graffins College-Westlands,Koja,-1.262221,36.803608,-1.281439,36.82233,2.98,50,survey (2026 actual),WALOKANA MULTIPURPOSE SACCO LTD
25,Odeon-Pangani-Alssops-Baba Dogo,Odeon,-1.244127,36.887466,-1.282954,36.824337,8.24,100,survey (2026 actual),BABA DOGO 25 TRAVELLERS SACCO | LUCKY BABA DOGO TRAVELLERS SACCO
39,"Bypass Ruiru, City Cabanas",City Cabanas,-1.165012,36.95835,-1.327157,36.89489,19.36,150,calibrated (x0.906),LOPHA MULTIPURPOSE CO-OP SOCIETY | NAGIRU 145 SACCO | NAWASUKU SACCO
42,Allsops-Rounda-Dandora,Allsops,-1.244969,36.908457,-1.245076,36.867274,4.58,50,survey (2026 actual),ALSOPS TRAVELLERS SERVICE LTD | DANDORA USAFIRI TRAVELLERS SACCO | DIX-HULT MATATU OWNER SACCO
43,Bus Station-Pangani-Allsops-Ngumba,Bus Station,-1.233753,36.884514,-1.286935,36.829348,8.52,40,calibrated (x0.906),ALSOPS TRAVELLERS SERVICE LTD
44G,Odeon-Pangani-Roysambu-Githurai-KU,Odeon,-1.181991,36.937795,-1.282847,36.824804,16.84,50,calibrated (x0.906),FOURTY FOUR SACCO | GITHURAI 45 SACCO | SUPER HIGHWAY 45 SACCO
44Z,Odeon-Pangani-Roysambu-Zimmerman-KU,Odeon,-1.18183,36.937923,-1.282901,36.824772,16.87,50,calibrated (x0.906),FOURTY FOUR SACCO | ZURI GENESIS COMPANY LTD
44K,Roysambu-Githurai-KU,Roysambu,-1.181931,36.937779,-1.217342,36.894284,6.24,50,survey (2026 actual),FOURTY FOUR SACCO | GITHURAI 45 SACCO | SUPER HIGHWAY 45 SACCO
45K,Odeon-Pangani-Roysabu-Githurai-KU,Odeon,-1.181991,36.937843,-1.282611,36.824466,16.85,100,survey (2026 actual),GITHURAI 45 SACCO | SUPER HIGHWAY 45 SACCO
45G,Munyu Road-Pangani-Roysabu-Githurai,Tusker,-1.204344,36.916884,-1.285443,36.828505,13.34,50,calibrated (x0.906),GITHURAI 45 SACCO | SUPER HIGHWAY 45 SACCO
45P,Githurai-Proggie,Githurai,-1.209083,36.928226,-1.205374,36.918574,1.15,50,calibrated (x0.906),GITHURAI 45 SACCO | SUPER HIGHWAY 45 SACCO
49,Odeon-Pangani-Roysambu-Kasarani-Sunton,Odeon,-1.229522,36.920818,-1.282788,36.824681,12.22,50,calibrated (x0.906),MWIKI PSV SACCO
53,Roasters-Thome-Maruirui,Roasters,-1.211103,36.874307,-1.233435,36.872858,2.49,50,survey (2026 actual),LOPHA MULTIPURPOSE CO-OP SOCIETY | NAGIRU 145 SACCO | NAWASUKU SACCO
27,Kariobangi North - Thika road - Town,Kariobangi,-1.284365,36.831225,-1.253058,36.884859,6.9,50,survey (2026 actual),DIX-HULT MATATU OWNER SACCO | KARIOBANGI MATATU SACCO LTD | NAKATHI TRAVELLERS SACCO LTD
100,O.T.C-Pangani-Muthaiga Roundabout-Kiambu Road-Kiambu Institute-Kiambu,Kaka,-1.168976,36.82629,-1.286125,36.830898,13.04,50,survey (2026 actual),KAKA TRAVELLERS SACCO LTD | KIAMBU MARAFIKI SACCO LTD
120,Kaka-Pangani-Muthaiga Roundabout-Kiambu Road-Kiambu Institute-Kiambu-Githunguri,Githunguri,-1.286001,36.830699,-1.05638,36.778932,26.17,150,calibrated (x0.906),KAKA TRAVELLERS SACCO LTD | KIAMBU MARAFIKI SACCO LTD
121,Kaka-Pangani-Muthaiga Roundabout-Kiambu Road-Kiambu Institute-Kiambu-Ndumberi,Kaka,-1.151559,36.805576,-1.285969,36.830624,15.2,150,survey (2026 actual),KAKA TRAVELLERS SACCO LTD | KIAMBU MARAFIKI SACCO LTD
145,Munyu Road-Pangani-Roysambu-Githurai-KU-Ruiru,Tusker,-1.147492,36.959226,-1.285341,36.828648,21.11,150,calibrated (x0.906),GITHURAI 45 SACCO | LOPHA MULTIPURPOSE CO-OP SOCIETY | NAGIRU 145 SACCO | NAWASUKU SACCO | SUPER HIGHWAY 45 SACCO
17B,Bus Station-Pangani-Roysambu-Kasarani-Mwiki,Bus Station,-1.233992,36.930641,-1.287181,36.830276,12.63,100,survey (2026 actual),MWIKI PSV SACCO
17B_2,Roysambu-Sunton-Kasarani-Mwiki,Roysambu,-1.23394,36.93051,-1.220405,36.892422,4.49,50,survey (2026 actual),MWIKI PSV SACCO
237,Munyu Road-Pangani-Roysabu-Githurai-KU-Ruiru-Juja-Thika,Tusker,-1.035397,37.076433,-1.284149,36.827805,39.1,150,calibrated (x0.906),GITHURAI 45 SACCO | LOPHA MULTIPURPOSE CO-OP SOCIETY | NAGIRU 145 SACCO | NAKATHI TRAVELLERS SACCO LTD | NAWASUKU SACCO | SUPER HIGHWAY 45 SACCO | SUPER METRO
25A,Odeon-Pangani-Alssops-Baba Dogo-Lucky Summer,Odeon,-1.239763,36.897511,-1.282686,36.824541,9.41,50,survey (2026 actual),BABA DOGO 25 TRAVELLERS SACCO | LUCKY BABA DOGO TRAVELLERS SACCO
100A,Ngara-Pangani-Muthaiga Roundabout-Kiambu Road-Kiambu Institute-Kiambu Hospital,Ngara,-1.17037,36.830528,-1.278357,36.830243,12.01,150,calibrated (x0.906),FIG KOMBA | KAKA TRAVELLERS SACCO LTD | KIAMBU MARAFIKI SACCO LTD
2030,Allsops-Rounda,Allsops,-1.26228,36.878684,-1.245232,36.867945,2.24,50,survey (2026 actual),ALSOPS TRAVELLERS SERVICE LTD
29/30,Ngara-Pangani-Alssops-Drive in-Mathare,Ngara,-1.252152,36.86729,-1.27413,36.823887,5.41,60,calibrated (x0.906),FIG KOMBA | MANMO SACCO
3N,Gikomba-Kariokor-Ngara,Ngara,-1.284038,36.840554,-1.275761,36.82474,1.98,50,survey (2026 actual),FIG KOMBA
7,Town-Kariokor DC-Gikomba,Town,-1.284043,36.840559,-1.286312,36.829444,1.26,40,calibrated (x0.906),UNMATCHED
14,Ronald Ngala-Juja Road-Eastleigh-Huruma-Kariobangi,OTC,-1.255301,36.878577,-1.284061,36.831181,6.16,50,survey (2026 actual),DIX-HULT MATATU OWNER SACCO | EASTLEIGH COMMUTER SERVICES LTD | HURUMA 46 SACCO LTD | KARIOBANGI MATATU SACCO LTD | LOPHA MULTIPURPOSE CO-OP SOCIETY
28,Gikomba-Eastleigh-Huruma-Kariobangi,Gikomba,-1.2554,36.878468,-1.284126,36.840649,5.28,60,calibrated (x0.906),DIX-HULT MATATU OWNER SACCO | EASTLEIGH COMMUTER SERVICES LTD | HURUMA 46 SACCO LTD | KARIOBANGI MATATU SACCO LTD
32D,OTC-Kariokor-Mlango-Rounda-Dandora,OTC,-1.245049,36.90843,-1.284837,36.830962,9.68,100,survey (2026 actual),DANDORA USAFIRI TRAVELLERS SACCO | DIX-HULT MATATU OWNER SACCO
41,Gikomba-Rounda-Dandora,Gikomba,-1.245132,36.908428,-1.284065,36.840624,8.69,60,calibrated (x0.906),DANDORA USAFIRI TRAVELLERS SACCO | DIX-HULT MATATU OWNER SACCO
46H,Ronald Ngala-Juja Road-Eastleigh-Huruma,OTC,-1.261995,36.874022,-1.285927,36.827461,5.82,50,survey (2026 actual),DIX-HULT MATATU OWNER SACCO | EASTLEIGH COMMUTER SERVICES LTD | HURUMA 46 SACCO LTD | LOPHA MULTIPURPOSE CO-OP SOCIETY
11C,Odeon-Pangani Flyover-Pangani Girls High School-Mlango-Pangani Terminus,Odeon,-1.265061,36.838593,-1.28253,36.82511,2.45,40,calibrated (x0.906),UNMATCHED
17Aky,EastLeigh-Rounda-Umoja 2-Kayole,Eastleigh,-1.262215,36.919577,-1.272097,36.850505,7.76,60,calibrated (x0.906),DIX-HULT MATATU OWNER SACCO | EASTLEIGH COMMUTER SERVICES LTD | FORWARD TRAVELLERS SACCO LTD | KANI TRANSPORT SACCO LTD | UMOINNER SACCO LTD
18C,Eastleigh-Rounda-Dandora-Kayole,Kayole,-1.272263,36.850478,-1.269034,36.913609,7.03,60,calibrated (x0.906),DANDORA USAFIRI TRAVELLERS SACCO | DIX-HULT MATATU OWNER SACCO | EASTLEIGH COMMUTER SERVICES LTD | FORWARD TRAVELLERS SACCO LTD | KANI TRANSPORT SACCO LTD
46B,Ronald Ngala-Juja Road-Eastleigh-Rounda,Tusker,-1.262366,36.878759,-1.285475,36.828275,6.17,50,survey (2026 actual),DIX-HULT MATATU OWNER SACCO | EASTLEIGH COMMUTER SERVICES LTD | HURUMA 46 SACCO LTD | LOPHA MULTIPURPOSE CO-OP SOCIETY
16/62,Bus Station-Rounda-Dandora-Kayole,Bus station,-1.268969,36.913596,-1.28641,36.829723,9.52,60,calibrated (x0.906),DANDORA USAFIRI TRAVELLERS SACCO | DIX-HULT MATATU OWNER SACCO | FORWARD TRAVELLERS SACCO LTD | KANI TRANSPORT SACCO LTD
3738,Rounda-Saika-Ruai,Rounder,-1.269779,36.994658,-1.262392,36.878507,12.94,60,calibrated (x0.906),UNMATCHED
6E,Church Army-Biafra-Joster,Church Army,-1.282809,36.851095,-1.294568,36.853144,1.33,40,calibrated (x0.906),UNMATCHED
10,Muthurwa-Makadara-Maringo,Muthurwa,-1.290621,36.873753,-1.287997,36.83387,4.44,40,calibrated (x0.906),HIMOSA TRAVELLERS SACCO
20,Mama Lucy Hospital-Kayole-Njiru-Mwiki,Mama Lucy,-1.235916,36.934875,-1.275035,36.898525,5.94,60,calibrated (x0.906),FORWARD TRAVELLERS SACCO LTD | KANI TRANSPORT SACCO LTD | MWIKI PSV SACCO
23KS,Gill House-Jogoo Road-Shauri Moyo-Jerusalem-Buruburu-Kariobangi South,Gill House,-1.262564,36.887042,-1.286361,36.826907,7.19,50,survey (2026 actual),BURUBURU 58 TRAVELLERS SACCO LTD | CBET SACCO | DIX-HULT MATATU OWNER SACCO | KARIOBANGI MATATU SACCO LTD
26,Makadara-Harambee-Outering-Kariobangi,Makadara,-1.257543,36.87921,-1.296124,36.862172,4.69,60,calibrated (x0.906),DIX-HULT MATATU OWNER SACCO | KARIOBANGI MATATU SACCO LTD
26S,Aquinas-Jerusalem-Outering-Kariobangi,Makadara,-1.257602,36.879151,-1.295105,36.867076,4.38,40,calibrated (x0.906),DIX-HULT MATATU OWNER SACCO | KARIOBANGI MATATU SACCO LTD
33DP,Muthurwa-Donholm-Pipeline,Muthurwa,-1.323552,36.899557,-1.288126,36.833907,8.29,50,survey (2026 actual),HIMOSA TRAVELLERS SACCO
33DC,Donholm-Rounda-Carbanas,Donholm,-1.335804,36.892294,-1.298881,36.886774,4.15,60,calibrated (x0.906),UNMATCHED
33GTB,Accra Road-Jogoo Road-Donholm-Fedha-Gate B,Commercial,-1.308205,36.903221,-1.284131,36.826233,8.97,100,survey (2026 actual),CBET SACCO
33C,Commercial-Jogoo Road-Pipeline-Cabanas,Commercial,-1.335847,36.892213,-1.284145,36.826252,9.32,60,calibrated (x0.906),CBET SACCO
34J,Ambassadeur-Donholm-Rounda-JKIA,Ambassadeur,-1.329614,36.924829,-1.285685,36.824793,12.15,150,survey (2026 actual),EMBASSAVA SACCO LTD
36,City Stadium-Buruburu-Kwa Mbao-Dandora,City Stadium,-1.24506,36.908473,-1.292244,36.843018,8.97,100,calibrated (x0.906),BURUBURU 58 TRAVELLERS SACCO LTD | CBET SACCO | DANDORA USAFIRI TRAVELLERS SACCO | DIX-HULT MATATU OWNER SACCO
58,Ambassadeur-Jogoo Road-Buruburu,Ambassadeur,-1.277606,36.877316,-1.284403,36.82607,5.75,100,survey (2026 actual),BURUBURU 58 TRAVELLERS SACCO LTD | CBET SACCO
17A,Rounda-Umoja 2-Kayole,Rounda,-1.262956,36.879323,-1.262328,36.919293,4.44,60,calibrated (x0.906),FORWARD TRAVELLERS SACCO LTD | KANI TRANSPORT SACCO LTD | UMOINNER SACCO LTD
19Cdc,Ambassadeur-Jogoo Road-Donholm-Caltex-Komarocks,Town,-1.266534,36.915972,-1.28591,36.827652,10.05,100,survey (2026 actual),CBET SACCO
19C2,Donholm-Caltex-Komarocks,Donholm,-1.266668,36.915983,-1.296639,36.885883,4.72,60,calibrated (x0.906),UNMATCHED
34B,Ambassadeur-Donholm-Jacaranda,Ambassadeur,-1.287643,36.904702,-1.285669,36.82489,8.88,60,calibrated (x0.906),UNMATCHED
69,Muthurwa-Hillocks-GM,Muthurwa,-1.328391,36.870262,-1.287981,36.833875,6.05,60,calibrated (x0.906),HIMOSA TRAVELLERS SACCO
405,City Stadium-Nyayo Stadium,City Stadium,-1.304176,36.827782,-1.293365,36.840767,1.88,40,calibrated (x0.906),UNMATCHED
1960,OTC-Donholm-Kayole,Kamukunji,-1.262215,36.919577,-1.284376,36.832786,9.96,60,calibrated (x0.906),FORWARD TRAVELLERS SACCO LTD | KANI TRANSPORT SACCO LTD
1961K,Landhies Road-Jogoo Road-Jacaranda-Kayole,OTC,-1.262103,36.919443,-1.284381,36.83284,9.94,60,calibrated (x0.906),CBET SACCO | FORWARD TRAVELLERS SACCO LTD | KANI TRANSPORT SACCO LTD
1961Kd,Caltex Donholm-Jacaranda-Kayole,Donholm,-1.269892,36.920065,-1.300968,36.888217,4.95,60,calibrated (x0.906),FORWARD TRAVELLERS SACCO LTD | KANI TRANSPORT SACCO LTD
35/60,Town-Donholm-Umoja,Tusker,-1.283775,36.887096,-1.285488,36.82835,6.53,60,calibrated (x0.906),UMOINNER SACCO LTD
3560_2,Donholm-Mutindwa-Umoja 2,Donholm,-1.279247,36.898162,-1.296945,36.886886,2.33,60,calibrated (x0.906),UMOINNER SACCO LTD
39SK,Ronald Ngala-Jogoo Road-Kangundo Road-Saika-Kayole Junction,Tusker,-1.259603,36.912491,-1.285526,36.828274,9.8,70,survey (2026 actual),CBET SACCO | FORWARD TRAVELLERS SACCO LTD | KANI TRANSPORT SACCO LTD
38/39,Town-Donholm-Njiru-Ruai,Muthurwa,-1.271206,36.996873,-1.288115,36.833897,18.21,60,calibrated (x0.906),HIMOSA TRAVELLERS SACCO
70/71,Muthurwa-Likoni-Sinai-Lunga Lunga,Muthurwa,-1.300212,36.885749,-1.287981,36.833875,5.92,40,calibrated (x0.906),HIMOSA TRAVELLERS SACCO
11,Bus Station-Industrial Area-South B-Hazina,Bus Station,-1.315629,36.848472,-1.287203,36.828908,3.84,40,calibrated (x0.906),12C TRANSPORT SACCO LTD | INDIMA (NJE) SACCO
11_2,Town-Industrial Area-Mater-Railways Training Institute-Balozi-Hazina,Bus Station,-1.320806,36.849282,-1.287219,36.828913,4.37,40,calibrated (x0.906),12C TRANSPORT SACCO LTD | INDIMA (NJE) SACCO
15,Bus Station-Nyayo Stadium-Wilson-Langata,Bus Station,-1.321809,36.774486,-1.287176,36.829026,7.18,50,survey (2026 actual),UNMATCHED
16,Bus Station-Nyayo Stadium-T Mall-Highrise,Bus Station,-1.31454,36.807954,-1.287155,36.828929,3.84,40,calibrated (x0.906),UNMATCHED
24,Ambassadeur-Nyayo Stadium-Bomas-Hardy-Karen,Karen,-1.286108,36.826038,-1.323187,36.708047,13.75,100,survey (2026 actual),SUPER METRO | KBS | CITY STAR SHUTTLE | CITI HOPPA | NMOA SACCO | ASTRABELL LIMITED | COMPLIANT MANAGEMENT SACCO
24BK,Bomas-Karen Hospital-Karen,Bomas,-1.322064,36.707893,-1.342349,36.764325,6.67,50,survey (2026 actual),UNMATCHED
33IMR,Commercial-Belleview-Imara Daima,Commercial,-1.325178,36.880819,-1.284178,36.826206,7.59,60,calibrated (x0.906),UNMATCHED
33TP,Commercial-Mombasa Road-Taj Mall-Pipeline,Commercial,-1.323643,36.899632,-1.284145,36.826285,9.26,100,survey (2026 actual),INDIMA (NJE) SACCO
33J,Cabanas-Utawala-Githunguri,Cabanas,-1.286511,36.982464,-1.335853,36.893211,11.34,150,calibrated (x0.906),KANI TRANSPORT SACCO LTD | TAWALA UTAWALA SACCO
33H,Cabanas-Utawala-Bypass,Cabanas,-1.264171,36.983013,-1.335665,36.893136,12.77,60,calibrated (x0.906),KANI TRANSPORT SACCO LTD | TAWALA UTAWALA SACCO
33UTW,Utawala-Ambassadeur,Ambassadeur,-1.284102,36.988869,-1.285411,36.825802,18.13,100,survey (2026 actual),KANI TRANSPORT SACCO LTD | TAWALA UTAWALA SACCO
33MKR,Bus Station-Mombasa Road-Imara Daima-St.Bakhita,Commercial,-1.32472,36.888931,-1.287235,36.828908,7.87,60,calibrated (x0.906),INDIMA (NJE) SACCO
110,Railways-Mombasa Road-Mlolongo-Kitengela,Railways Uchumi,-1.477141,36.957879,-1.288798,36.828712,25.39,150,survey (2026 actual),INDIMA (NJE) SACCO
110AK,Athi River-Makadara-Kitengela,Devki Athiriver,-1.477189,36.958031,-1.444069,36.989384,5.07,150,calibrated (x0.906),UNMATCHED
110ATH,Railways-Mombasa Road-Devki-Makadara,Railways Uchumi,-1.457303,36.974557,-1.289188,36.828269,24.78,150,calibrated (x0.906),INDIMA (NJE) SACCO
125,Railways-Langata Road-Bomas-Ongata Rongai,Railways,-1.396543,36.74966,-1.291033,36.828285,14.63,100,survey (2026 actual),NMOA SACCO | ASTRABELL LIMITED | KILELE SHUTTLES LIMITED
126,Railways-Langata Road-Ongata Rongai-Kiserian,Railways,-1.429671,36.687119,-1.291054,36.828296,22.0,200,calibrated (x0.906),SUPER METRO | NMOA SACCO | ASTRABELL LIMITED | KILELE SHUTTLES LIMITED
126RK,Ongata Rongai-Nkoroi-Kiserian,Ongata Rongai,-1.42951,36.685807,-1.397012,36.759878,8.99,50,survey (2026 actual),UNMATCHED
12C,Bus Station-Red Cross-Mugoya,Bus Station,-1.321511,36.828972,-1.28719,36.828884,3.82,40,calibrated (x0.906),12C TRANSPORT SACCO LTD
12D,Bus Station-Red Cross-KPA-College Of Insurance-Amboseli,Bus Station,-1.326948,36.842367,-1.287294,36.829074,4.65,40,calibrated (x0.906),12C TRANSPORT SACCO LTD
145B,Bypass-Ruiru Ndani-Ruiru,Bypass,-1.147529,36.959231,-1.264138,36.983035,13.23,150,calibrated (x0.906),LOPHA MULTIPURPOSE CO-OP SOCIETY | NAGIRU 145 SACCO | NAWASUKU SACCO
14A,Bus Station-Nairobi West-Madaraka-Strathmore,Bus Station,-1.308644,36.812444,-1.287179,36.828907,3.01,40,calibrated (x0.906),UNMATCHED
14B,Bus Station-Nairobi West-TMall,Bus Station,-1.312939,36.816689,-1.287179,36.828907,3.17,40,calibrated (x0.906),UNMATCHED
33FED,Commercial-Cabanas-Tuskys-Village-Gate A-Posta,Commercial,-1.308319,36.911465,-1.284129,36.826279,9.84,60,calibrated (x0.906),UNMATCHED
33B,Commercial-Cabanas-Baraka,Commercial,-1.298102,36.912701,-1.284255,36.826157,9.74,60,calibrated (x0.906),UNMATCHED
46K,Kencom-Valley Road-Yaya Centre-Kawangware,Kencom,-1.283914,36.742599,-1.285722,36.824697,9.13,40,calibrated (x0.906),HURUMA 46 SACCO LTD
46Y,Kencom-Valley Road-Hurlinghum-Yaya Centre,Kencom,-1.292314,36.787628,-1.285722,36.824707,4.19,40,calibrated (x0.906),HURUMA 46 SACCO LTD
56,Town-Yaya-Congo-Kanungaga,Railways,-1.278534,36.750936,-1.290759,36.828291,8.71,40,calibrated (x0.906),UNMATCHED
7C,Kencom-Community-Equity Center-Kenyatta National Hospital,Kencom,-1.300898,36.808437,-1.28569,36.82475,2.48,40,calibrated (x0.906),UNMATCHED
1,Karen-Karinde-Dagoretti Market,Karen,-1.28768,36.686311,-1.321208,36.706395,4.35,100,calibrated (x0.906),UNMATCHED
2,Railways-Ngong Road-Kawangware-Dagoretti Market,Railways,-1.286543,36.686718,-1.290534,36.828017,15.71,150,calibrated (x0.906),NGONG TRAVELLERS SACCO
3U/3,Dagoretti Corner-Naivasha Road-Uthiru,Dagoretti Corner,-1.261386,36.716919,-1.298436,36.759878,6.31,100,calibrated (x0.906),UNMATCHED
5,Town-Kenyatta-Adams-Jamhuri,Kencom,-1.303988,36.769148,-1.285701,36.824702,6.5,60,calibrated (x0.906),UNMATCHED
8,Railways-Ngong Road-Kibera,Railways,-1.311058,36.775784,-1.290497,36.828012,6.24,150,calibrated (x0.906),HIGHRISE KIBERA SACCO | NGONG TRAVELLERS SACCO
32A,Kencom-Community-KNH-Ngong Road-Ayani,Kencom,-1.307902,36.772747,-1.285701,36.824756,6.29,40,calibrated (x0.906),NGONG TRAVELLERS SACCO
33NG,Racecourse Road-Ngong Road-KNH-Ngumo,Racecourse Road,-1.309848,36.798908,-1.286017,36.829702,4.33,150,calibrated (x0.906),NGONG TRAVELLERS SACCO | NGUMO-LINE SACCO LTD
33SB,Ngumo-Highrise-Nairobi West-Couth C-South B,Ngumo,-1.311586,36.83535,-1.307611,36.802895,3.63,40,calibrated (x0.906),12C TRANSPORT SACCO LTD | INDIMA (NJE) SACCO | NGUMO-LINE SACCO LTD
34L,Kenyatta National Hospital-Mbagathi Road-Wilson Airport-Langata,KNH,-1.327248,36.788991,-1.297529,36.804671,3.74,150,calibrated (x0.906),NGUMO-LINE SACCO LTD
48,Yaya-Kasuku-Westlands,Yaya,-1.26567,36.801077,-1.291859,36.787162,3.3,40,calibrated (x0.906),WALOKANA MULTIPURPOSE SACCO LTD
48,Yaya-Kasuku-Westlands,Westlands,-1.29158,36.787049,-1.265633,36.800884,3.27,40,calibrated (x0.906),WALOKANA MULTIPURPOSE SACCO LTD
4W,Railways-Ngong Road-Wanyee-Kaberia,Kencom/Ambassadeur,-1.290502,36.729001,-1.28562,36.82489,10.67,150,calibrated (x0.906),NGONG TRAVELLERS SACCO
102,Railways-NgongRoad-Kawangware-Kikuyu,Railways,-1.246551,36.665035,-1.290518,36.828033,18.77,150,calibrated (x0.906),NGONG TRAVELLERS SACCO
103,Dagoretti Market-Uthiru-Kinoo-Wangige,Dagoretti Corner,-1.219091,36.71243,-1.298447,36.7599,10.28,100,calibrated (x0.906),LOPHA MULTIPURPOSE CO-OP SOCIETY
111,Railways-Ngong Road-Karen-Ngong,Railways,-1.360425,36.656025,-1.290443,36.827964,20.64,150,calibrated (x0.906),NGONG TRAVELLERS SACCO | NTVRS LIMITED | NMOA SACCO | ASTRABELL LIMITED | CITY SHUTTLE BUSES | KILELE SHUTTLES LIMITED | SUPER METRO | CITY STAR SHUTTLE | KBS | CITI HOPPA
126N,Ngong-Kiserian,Ngong,-1.428179,36.686615,-1.360488,36.656006,8.26,200,calibrated (x0.906),NGONG TRAVELLERS SACCO
129,Kikuyu-Magu-Kingeero-Wangige,Kikuyu,-1.219134,36.712387,-1.246685,36.665068,6.09,100,survey (2026 actual),LOPHA MULTIPURPOSE CO-OP SOCIETY
24C,Kencom-Valley Road-Ngong Road-Karen-Hardy,Kencom,-1.325279,36.709785,-1.28612,36.825939,13.63,80,survey (2026 actual),NGONG TRAVELLERS SACCO
046P,"Ambassadeur,Kabete,Kawangware",Ambassadeur,-1.285186,36.741623,-1.285284,36.825799,9.36,100,calibrated (x0.906),UNMATCHED
23KG,Odeon-Chiromo-Westlands-Kangemi,Odeon,-1.26498,36.749535,-1.282595,36.825002,8.62,50,survey (2026 actual),KANGEMI MATATU OWNERS SACCO | WALOKANA MULTIPURPOSE SACCO LTD
30,Odeon-Westlands-Kangemi-Uthiru,Odeon,-1.256943,36.723705,-1.282595,36.825008,11.62,40,calibrated (x0.906),KANGEMI MATATU OWNERS SACCO | WALOKANA MULTIPURPOSE SACCO LTD
48O,Odeon-Chiromo-Kileleshwa-Othaya Road,Odeon,-1.288636,36.773029,-1.282766,36.825067,5.82,40,calibrated (x0.906),UNMATCHED
48K,Westlands-ABC Place-Lavington-Kawangware,Westlands,-1.28929,36.753151,-1.262748,36.800365,6.02,100,calibrated (x0.906),WALOKANA MULTIPURPOSE SACCO LTD
105,Odeon-Westlands-Kangemi-Kinoo-Regen-Kikuyu,Kikuyu,-1.282794,36.82505,-1.246648,36.665025,18.24,40,calibrated (x0.906),KANGEMI MATATU OWNERS SACCO | WALOKANA MULTIPURPOSE SACCO LTD | SUPER METRO
114W,Ngara-Westlands-Kangemi-Limuru,Ngara,-1.108482,36.643197,-1.274246,36.823345,27.22,200,calibrated (x0.906),FIG KOMBA | KANGEMI MATATU OWNERS SACCO | LIKANA ROUTE 114/115 SACCO LTD | WALOKANA MULTIPURPOSE SACCO LTD
115,Koja-Westlands-Kangemi-Limuru,Koja,-1.108503,36.643218,-1.280959,36.822792,27.68,200,calibrated (x0.906),KANGEMI MATATU OWNERS SACCO | LIKANA ROUTE 114/115 SACCO LTD | WALOKANA MULTIPURPOSE SACCO LTD
118,Koja-Westlands-Kabete-Wangige,Koja,-1.219107,36.712403,-1.281116,36.82275,14.07,60,survey (2026 actual),LOPHA MULTIPURPOSE CO-OP SOCIETY | WALOKANA MULTIPURPOSE SACCO LTD
119,Koja-Westgate-Wangige,Koja,-1.219134,36.712334,-1.281388,36.822583,14.08,100,calibrated (x0.906),LOPHA MULTIPURPOSE CO-OP SOCIETY
48A,Odeon-Chiromo-Strathmore School-Lavington,Odeon,-1.280106,36.769057,-1.282584,36.825008,6.23,40,calibrated (x0.906),UNMATCHED
48B,Odeon-Chiromo-Westlands Bypass-Methodist Guesthouse-Othaya Road,Odeon,-1.288636,36.773029,-1.2826,36.825019,5.82,40,calibrated (x0.906),WALOKANA MULTIPURPOSE SACCO LTD
48C,Odeon-Chiromo-Westlands-ByPass-Yaya,Odeon,-1.291662,36.78709,-1.282738,36.825024,4.33,40,calibrated (x0.906),WALOKANA MULTIPURPOSE SACCO LTD
119A,Town-Westlands-Peponi Road-Spring Valley-ISK-Gathiga,Koja,-1.219102,36.738802,-1.281388,36.822567,11.61,150,calibrated (x0.906),WALOKANA MULTIPURPOSE SACCO LTD
135,Kaka-Westlands-Kangemi-Limuru,Kaka,-1.108561,36.643231,-1.285635,36.830776,28.68,200,calibrated (x0.906),KAKA TRAVELLERS SACCO LTD | KANGEMI MATATU OWNERS SACCO | LIKANA ROUTE 114/115 SACCO LTD | WALOKANA MULTIPURPOSE SACCO LTD
CBD-PKLANDS,Railways-Parklands,Parklands,-1.2833,36.8167,-1.2633,36.8167,4.0,50,survey (2026 actual),UNMATCHED
CBD-KW,Railways-Thika Road-Allsops-Bypass-Kahawa West,Kahawa West,-1.2833,36.8167,-1.1817,36.9283,22.0,100,survey (2026 actual),UNMATCHED
BYPASS-KW,Bypass-Kahawa West,Kahawa West,-1.2167,36.8867,-1.1817,36.9283,8.0,50,survey (2026 actual),UNMATCHED
KW-MEMBLEY,Kahawa West-Membley,Membley,-1.1817,36.9283,-1.1417,36.9417,5.0,50,survey (2026 actual),UNMATCHED
BYPASS-KUTRRH,Bypass-Kahawa West-KU Referral,KU Referral,-1.2167,36.8867,-1.18,36.9317,7.0,50,survey (2026 actual),UNMATCHED
KW-KUTRRH,Kahawa West-KU Referral,KU Referral,-1.1817,36.9283,-1.18,36.9317,2.0,50,survey (2026 actual),UNMATCHED
CBD-SYOKIMAU,Railways-Mombasa Road-JKIA-Syokimau,Syokimau,-1.2833,36.8167,-1.3617,36.8983,20.0,100,survey (2026 actual),UNMATCHED
CBD-THIKA,Railways-Pangani-Thika Road-Kasarani-Thika,Thika,-1.2833,36.8167,-1.0333,37.075,40.0,100,survey (2026 actual),UNMATCHED
3,GPO-Ngong Road-Adams Arcade-Dagoretti Corner,GPO,-1.298436,36.759878,-1.286700,36.821100,10.5,100,public source (2026),NGONG TRAVELLERS SACCO
4,Kencom-Ngong Road-Adams Arcade-Dagoretti,Kencom,-1.313000,36.715000,-1.285701,36.824697,11.5,100,public source (2026),NGONG TRAVELLERS SACCO
9,Tom Mboya-Kariokor-Ngara-KIE-Pangani-Eastleigh,Tom Mboya,-1.272236,36.848879,-1.284300,36.828300,4.5,50,public source (2026),UNMATCHED
146,Odeon-Pangani-Roysambu-Kahawa Wendani-KU-Ruiru,Odeon,-1.147492,36.959226,-1.282788,36.824681,21.5,150,public source (2026),GITHURAI 45 SACCO | NAGIRU 145 SACCO | NAWASUKU SACCO
22,Kencom-Westlands-Kangemi-Uthiru,Kencom,-1.256943,36.723705,-1.285701,36.824697,12.1,100,public source (2026),KANGEMI MATATU OWNERS SACCO | WALOKANA MULTIPURPOSE SACCO LTD
31,OTC-Kariokor-Gikomba-Dandora,OTC,-1.245076,36.867274,-1.284061,36.831181,9.0,60,public source (2026),DANDORA USAFIRI TRAVELLERS SACCO | DIX-HULT MATATU OWNER SACCO
236,Odeon-Pangani-Roysambu-Githurai-Juja,Odeon,-1.089000,37.022000,-1.282788,36.824681,26.0,150,public source (2026),SUPER METRO | GITHURAI 45 SACCO
239,Odeon-Pangani-Roysambu-Githurai-Ruiru-Thika,Odeon,-1.035397,37.076433,-1.284149,36.827805,39.0,150,public source (2026),GITHURAI 45 SACCO | NAWASUKU SACCO
11D,Odeon-Parklands-MP Shah-Westlands-UKAY Centre,UKAY Centre,-1.262500,36.801300,-1.282992,36.824750,4.50,50,public source (2026),LOPHA MULTIPURPOSE CO-OP SOCIETY
11F,Odeon-Kiambu Road-Bypass-Githogoro-Two Rivers-Ruaka,Ruaka,-1.207219,36.786019,-1.282992,36.824750,13.00,100,public source (2026),LOPHA MULTIPURPOSE CO-OP SOCIETY
107A,Odeon-Parklands-UN-Runda-Two Rivers-Ruaka-Ndenderu-Karura,Karura,-1.178000,36.794000,-1.282981,36.824750,18.00,150,public source (2026),RUNKA SACCO
WALK-AGIP-RAIL,Agip-Railways,Walk,-1.291033,36.828285,-1.288800,36.828200,0.30,0,walk,WALK
WALK-AGIP-BS,Agip-Bus Station,Walk,-1.287176,36.829026,-1.288800,36.828200,0.20,0,walk,WALK
WALK-KAKA-OTC,Kaka-OTC,Walk,-1.284061,36.831181,-1.286125,36.830898,0.25,0,walk,WALK
WALK-RACE-OTC,Racecourse Road-OTC,Walk,-1.284061,36.831181,-1.286017,36.829702,0.33,0,walk,WALK
WALK-GILL-OTC,Gill House-OTC,Walk,-1.284061,36.831181,-1.286361,36.826907,0.35,0,walk,WALK
WALK-GILL-BS,Gill House-Bus Station,Walk,-1.287176,36.829026,-1.286361,36.826907,0.30,0,walk,WALK
WALK-GPO-RAIL,GPO-Railways,Walk,-1.291033,36.828285,-1.286700,36.821100,0.60,0,walk,WALK
WALK-GPO-KCM,GPO-Kencom,Walk,-1.285690,36.824750,-1.286700,36.821100,0.30,0,walk,WALK
WALK-TOMBOYA-AMB,Tom Mboya-Ambassadeur,Walk,-1.285411,36.825802,-1.284300,36.828300,0.20,0,walk,WALK
